[
  { "id": 1, "type": 0, "label": "40", "latitude": 37.760115, "longitude": -122.446863 },
  { "id": 2, "type": 0, "label": "90", "latitude": 37.770005, "longitude": -122.436519 },
  { "id": 3, "type": 0, "label": "129", "latitude": 37.750002, "longitude": -122.476993 },
  { "id": 4, "type": 0, "label": "48", "latitude": 37.740155, "longitude": -122.486513 },
  { "id": 5, "type": 1, "label": "34", "latitude": 37.790311, "longitude": -122.427002 },
  { "id": 6, "type": 0, "label": "36", "latitude": 37.729638, "longitude": -122.406815 },
  { "id": 7, "type": 1, "label": "45", "latitude": 37.750682, "longitude": -122.486200 },
  { "id": 8, "type": 0, "label": "74", "latitude": 37.730572, "longitude": -122.436033 },
  { "id": 9, "type": 0, "label": "36", "latitude": 37.73560, "longitude": -122.477275 }
]