{
  "count": 38772,
  "listings": [
    {
      "address": {
        "area": "Halton",
        "city": "Oakville",
        "country": null,
        "district": "Oakville",
        "majorIntersection": "Dundas/Oak Park/Ernest Appelbe",
        "neighborhood": "Rural Oakville",
        "state": "Ontario",
        "streetDirection": "",
        "streetName": "Huguenot",
        "streetNumber": "98",
        "streetSuffix": "Rd",
        "unitNumber": "3",
        "zip": "L6H0M3"
      },
      "agents": [],
      "class": "CondoProperty",
      "condominium": {
        "ammenities": [
          "Bbqs Allowed",
          "Security Guard",
          "Visitor Parking",
          "",
          "",
          ""
        ],
        "buildingInsurance": "Y",
        "condoCorp": "HSCP",
        "condoCorpNum": "870",
        "exposure": "W",
        "fees": {
          "cableInlc": "N",
          "heatIncl": "N",
          "hydroIncl": "N",
          "maintenance": "",
          "parkingIncl": "Y",
          "taxesIncl": "",
          "waterIncl": "N"
        },
        "locker": "None",
        "lockerNumber": "",
        "parkingType": "Owned",
        "pets": "N",
        "propertyMgr": "Mattamy Preserve East",
        "stories": "1"
      },
      "daysOnMarket": "0",
      "details": {
        "airConditioning": "Central Air",
        "basement1": "None",
        "basement2": "",
        "centralVac": "",
        "den": "Y",
        "description": "Spectacular 3 Bedroom Brand New Home In Trendy Uptown Oakville. Quality Built 9-Ft Ceilings, Bright Spacious Open Concept, Tasteful Decor, Gleaming Hardwood Floors/Stairs Main Floor & Hard/Laminate Upper Floor, Smooth Ceilings Thruout. Walk To Transit, Parks, Banks, Shopping, Entertainment. Great Neighbrhd. Bedroom Level Laundry. W/O To 2 Balconies Main Floor & A Balcony Upper Floor. Best Schools, Hospital, G.O. Ideal For Nestling Couples/Small Families.",
        "elevator": "",
        "exteriorConstruction1": "Stone",
        "exteriorConstruction2": "Stucco/Plaster",
        "extras": "Upper Flr Wshr/Dryer. S/S: Fridge, Stove, B/I Dshwshr. E.L.F. Pot Lights In/Out. Quartz/Mrbl Counters In Kitchen/Baths, Upgrd Cabinets, Wood Floor Allover. No Carpet. No Smokers/Pets. Front Porch + 3 Balconies. Inner Access To Double Garage",
        "furnished": "N",
        "garage": "Built-In",
        "heating": "Forced Air",
        "numBathrooms": "3",
        "numBathroomsPlus": null,
        "numBedrooms": "3",
        "numBedroomsPlus": "",
        "numFireplaces": "N",
        "numGarageSpaces": "2.0",
        "numParkingSpaces": "2.0",
        "numRooms": "12",
        "numRoomsPlus": "",
        "patio": "Encl",
        "propertyType": "Condo Townhouse",
        "sqft": "2000-2249",
        "style": "3-Storey",
        "swimmingPool": null,
        "virtualTourUrl": "",
        "yearBuilt": "New"
      },
      "images": [],
      "lastStatus": "New",
      "listDate": "2020-08-19T00:00:00.000Z",
      "listPrice": "3300.00",
      "lot": {
        "acres": null,
        "depth": null,
        "irregular": null,
        "legalDescription": null,
        "measurement": null,
        "width": null
      },
      "map": {
        "latitude": "43.483892",
        "longitude": "-79.726974"
      },
      "mlsNumber": "W4876261",
      "nearby": {
        "ammenities": [
          "Hospital",
          "Park",
          "Public Transit",
          "Rec Centre",
          "School",
          "Terraced"
        ]
      },
      "occupancy": "Flex/Imd",
      "office": {
        "brokerageName": "SUTTON GROUP REALTY SYSTEMS INC., BROKERAGE"
      },
      "openHouse": {
        "1": {
          "date": "",
          "endTime": "",
          "startTime": ""
        },
        "2": {
          "date": "",
          "endTime": "",
          "startTime": ""
        },
        "3": {
          "date": "",
          "endTime": "",
          "startTime": ""
        }
      },
      "permissions": {
        "displayAddressOnInternet": "Y",
        "displayPublic": "N"
      },
      "rooms": {
        "1": {
          "description": "Office",
          "features": "Picture Window",
          "features2": "Laminate",
          "features3": "W/O To Garage",
          "length": "3.51",
          "width": "3.36"
        },
        "10": {
          "description": "Bathroom",
          "features": "Linen Closet",
          "features2": "Ceramic Floor",
          "features3": "Marble Counter",
          "length": "2.76",
          "width": "2.46"
        },
        "11": {
          "description": "Laundry",
          "features": "B/I Appliances",
          "features2": "Ceramic Floor",
          "features3": "Separate Rm",
          "length": "1.62",
          "width": "1.62"
        },
        "12": {
          "description": "Master",
          "features": "W/I Closet",
          "features2": "4 Pc Ensuite",
          "features3": "W/O To Balcony",
          "length": "4.26",
          "width": "4.14"
        },
        "2": {
          "description": "Foyer",
          "features": "Closet",
          "features2": "West View",
          "features3": "W/O To Porch",
          "length": "2.46",
          "width": "1.83"
        },
        "3": {
          "description": "Living",
          "features": "Window",
          "features2": "Hardwood Floor",
          "features3": "Balcony",
          "length": "3.51",
          "width": "3.36"
        },
        "4": {
          "description": "Kitchen",
          "features": "Quartz Counter",
          "features2": "Hardwood Floor",
          "features3": "Pantry",
          "length": "4.27",
          "width": "3.66"
        },
        "5": {
          "description": "Breakfast",
          "features": "Combined W/Kitchen",
          "features2": "Hardwood Floor",
          "features3": "W/O To Patio",
          "length": "4.27",
          "width": "3.66"
        },
        "6": {
          "description": "Dining",
          "features": "2 Pc Bath",
          "features2": "Hardwood Floor",
          "features3": "Balcony",
          "length": "2.97",
          "width": "2.67"
        },
        "7": {
          "description": "Family",
          "features": "Overlook Patio",
          "features2": "Hardwood Floor",
          "features3": "Picture Window",
          "length": "4.74",
          "width": "3.36"
        },
        "8": {
          "description": "3rd Br",
          "features": "Closet",
          "features2": "Laminate",
          "features3": "Window",
          "length": "4.27",
          "width": "2.94"
        },
        "9": {
          "description": "2nd Br",
          "features": "Closet",
          "features2": "Laminate",
          "features3": "Window",
          "length": "4.27",
          "width": "2.94"
        }
      },
      "soldDate": null,
      "soldPrice": "0.00",
      "status": "A",
      "taxes": {
        "annualAmount": "",
        "assessmentYear": ""
      },
      "timestamps": {
        "closedDate": null,
        "conditionalExpiryDate": null,
        "expiryDate": "2020-10-31T00:00:00.000Z",
        "extensionEntryDate": null,
        "idxUpdated": null,
        "listingEntryDate": "2020-08-19T00:00:00.000Z",
        "listingUpdated": "2020-08-19T00:05:29.000Z",
        "photosUpdated": "2020-08-19T00:05:41.000Z",
        "suspendedDate": null,
        "terminatedDate": null,
        "unavailableDate": null
      },
      "type": "Lease",
      "updatedOn": "2020-08-19T00:05:29.000Z"
    }
  ]
}