[
  {
    "id": "p1",
    "mlsNumber": "C4818815",
    "address": "285 Blythwood Rd",
    "status": "Available",
    "propertyClass": "Freehold",
    "type": "Detached",
    "listPrice": "1,111,111",
    "daysOnMarket": "5",
    "listDate": "June 5, 2020",
    "lastStatus": "For Sale",
    "soldPrice": "3,050,000",
    "soldDate": "Feb 20, 2019",
    "area": "Toronto",
    "city": "Toronto",
    "country": "Canada",
    "district": "Mount Pleasant East",
    "images": [
      {
        "image": "https://cache03.housesigma.com/Live/photos/FULL/2/889/C4629889_2.jpg"
      },
      {
        "image": "https://cache02.housesigma.com/Live/photos/FULL/1/748/W4862748.jpg"
      },
      {
        "image": "https://cache01.housesigma.com/Live/photos/FULL/7/748/W4862748_7.jpg"
      }
    ],
    "description": "An Exemplary Custom Home Designed By Crang & Boake, Which Is As Current Today As When It Was Built In The Late 80S. Standing Majestically On The Hill, Reminiscent Of A Limestone French Grist Mill, W/ Private Vistas O/Looking The Lawrence Park Ravine. A Private, Self-Contained Home, W/ Heated Stone Double Drive, Direct Access From Double Garage, Open Concept Living, All W/ Unobstructed Ravine Views From Your Treetop Aerie.",
    "bedAdult": "4",
    "bedChild": "1",
    "baths": "4",
    "parking": "4", "unitType": 0, "label": "1.35M", "latitude": 37.750115, "longitude": -122.446863
  },
  {
    "id": "p2",
    "mlsNumber": "C4652890",
    "address": "447 Soudan Ave",
    "status": "Unavailable",
    "propertyClass": "Freehold",
    "type": "Detached",
    "listPrice": "2,222,222",
    "daysOnMarket": "5",
    "listDate": "June 5, 2020",
    "lastStatus": "Sold",
    "soldPrice": "950,000",
    "soldDate": "June 5, 2020",
    "area": "Toronto",
    "city": "Toronto",
    "country": "Canada",
    "district": "Mount Pleasant East",
    "images": [
      {
        "image": "https://bungol.sfo2.digitaloceanspaces.com/treb/C4818137/C4818137-5.jpg"
      },
      {
        "image": "https://bungol.sfo2.digitaloceanspaces.com/treb/C4818137/C4818137-6.jpg"
      },
      {
        "image": "https://cache02.housesigma.com/Live/photos/FULL/1/282/N4860282.jpg"
      }
    ],
    "description": "An Exemplary Custom Home Designed By Crang & Boake, Which Is As Current Today As When It Was Built In The Late 80S. Standing Majestically On The Hill, Reminiscent Of A Limestone French Grist Mill, W/ Private Vistas O/Looking The Lawrence Park Ravine. A Private, Self-Contained Home, W/ Heated Stone Double Drive, Direct Access From Double Garage, Open Concept Living, All W/ Unobstructed Ravine Views From Your Treetop Aerie.",
    "bedAdult": "7",
    "bedChild": "3",
    "baths": "1",
    "parking": "5", "unitType": 0, "label": "2.81M", "latitude": 37.750005, "longitude": -122.446519
  },
  {
    "id": "p3",
    "mlsNumber": "C4818815",
    "address": "14 Whitewood Rd",
    "status": "Available",
    "propertyClass": "Freehold",
    "type": "Detached",
    "listPrice": "3,333,333",
    "daysOnMarket": "5",
    "listDate": "June 5, 2020",
    "lastStatus": "Terminated",    
    "soldPrice": "3,050,000",
    "soldDate": "Feb 20, 2019",
    "area": "Toronto",
    "city": "Toronto",
    "country": "Canada",
    "district": "Mount Pleasant East",
    "images": [
      {
        "image": "https://cache02.housesigma.com/Live/photos/FULL/1/564/N4860564.jpg"
      },
      {
        "image": "https://cache04.housesigma.com/Live/photos/FULL/3/564/N4860564_3.jpg"
      },
      {
        "image": "https://cache03.housesigma.com/Live/photos/FULL/14/564/N4860564_14.jpg"
      }
    ],
    "description": "An Exemplary Custom Home Designed By Crang & Boake, Which Is As Current Today As When It Was Built In The Late 80S. Standing Majestically On The Hill, Reminiscent Of A Limestone French Grist Mill, W/ Private Vistas O/Looking The Lawrence Park Ravine. A Private, Self-Contained Home, W/ Heated Stone Double Drive, Direct Access From Double Garage, Open Concept Living, All W/ Unobstructed Ravine Views From Your Treetop Aerie.",
    "bedAdult": "3",
    "bedChild": "2",
    "baths": "2",
    "parking": "3", "unitType": 0, "label": "350K", "latitude": 37.750002, "longitude": -122.446993
  },
  {
    "id": "p4",
    "mlsNumber": "C4818815",
    "address": "14 Whitewood Rd",
    "status": "Available",
    "propertyClass": "Freehold",
    "type": "Detached",
    "listPrice": "4,444,444",
    "daysOnMarket": "5",
    "listDate": "June 5, 2020",
    "lastStatus": "Rented",    
    "soldPrice": "4,050,000",
    "soldDate": "Feb 20, 2019",
    "area": "Toronto",
    "city": "Toronto",
    "country": "Canada",
    "district": "Mount Pleasant East",
    "images": [
      {
        "image": "https://cache02.housesigma.com/Live/photos/FULL/1/398/N4861398.jpg"
      },
      {
        "image": "https://cache04.housesigma.com/Live/photos/FULL/3/398/N4861398_3.jpg"
      },
      {
        "image": "https://cache04.housesigma.com/Live/photos/FULL/15/398/N4861398_15.jpg"
      }
    ],
    "description": "An Exemplary Custom Home Designed By Crang & Boake, Which Is As Current Today As When It Was Built In The Late 80S. Standing Majestically On The Hill, Reminiscent Of A Limestone French Grist Mill, W/ Private Vistas O/Looking The Lawrence Park Ravine. A Private, Self-Contained Home, W/ Heated Stone Double Drive, Direct Access From Double Garage, Open Concept Living, All W/ Unobstructed Ravine Views From Your Treetop Aerie.",
    "bedAdult": "3",
    "bedChild": "2",
    "baths": "2",
    "parking": "3", "unitType": 0, "label": "469K", "latitude": 37.750155, "longitude": -122.446513
  },
  {
    "id": "p5",
    "mlsNumber": "C4818815",
    "address": "14 Whitewood Rd",
    "status": "Available",
    "propertyClass": "Freehold",
    "type": "Detached",
    "listPrice": "5,555,555",
    "daysOnMarket": "5",
    "listDate": "June 5, 2020",
    "lastStatus": "For Rent",    
    "soldPrice": "3,050,000",
    "soldDate": "Feb 20, 2019",
    "area": "Toronto",
    "city": "Toronto",
    "country": "Canada",
    "district": "Mount Pleasant East",
    "images": [
      {
        "image": "https://cache02.housesigma.com/Live/photos/FULL/1/431/N4862431.jpg"
      },
      {
        "image": "https://cache01.housesigma.com/Live/photos/FULL/5/431/N4862431_5.jpg"
      },
      {
        "image": "https://cache01.housesigma.com/Live/photos/FULL/31/431/N4862431_31.jpg"
      }
    ],
    "description": "An Exemplary Custom Home Designed By Crang & Boake, Which Is As Current Today As When It Was Built In The Late 80S. Standing Majestically On The Hill, Reminiscent Of A Limestone French Grist Mill, W/ Private Vistas O/Looking The Lawrence Park Ravine. A Private, Self-Contained Home, W/ Heated Stone Double Drive, Direct Access From Double Garage, Open Concept Living, All W/ Unobstructed Ravine Views From Your Treetop Aerie.",
    "bedAdult": "3",
    "bedChild": "2",
    "baths": "2",
    "parking": "3", "unitType": 1, "label": "5 Units", "latitude": 37.750311, "longitude": -122.447002
  },
  {
    "id": "p6",
    "mlsNumber": "C4818815",
    "address": "14 Whitewood Rd",
    "status": "Available",
    "propertyClass": "Freehold",
    "type": "Detached",
    "listPrice": "6,666,666",
    "daysOnMarket": "5",
    "listDate": "June 5, 2020",
    "lastStatus": "Sold Con",    
    "soldPrice": "3,050,000",
    "soldDate": "Feb 20, 2019",
    "area": "Toronto",
    "city": "Toronto",
    "country": "Canada",
    "district": "Mount Pleasant East",
    "images": [
      {
        "image": "https://cache02.housesigma.com/Live/photos/FULL/1/228/N4859228.jpg"
      },
      {
        "image": "https://cache01.housesigma.com/Live/photos/FULL/5/228/N4859228_5.jpg"
      },
      {
        "image": "https://cache01.housesigma.com/Live/photos/FULL/25/228/N4859228_25.jpg"
      }
    ],
    "description": "An Exemplary Custom Home Designed By Crang & Boake, Which Is As Current Today As When It Was Built In The Late 80S. Standing Majestically On The Hill, Reminiscent Of A Limestone French Grist Mill, W/ Private Vistas O/Looking The Lawrence Park Ravine. A Private, Self-Contained Home, W/ Heated Stone Double Drive, Direct Access From Double Garage, Open Concept Living, All W/ Unobstructed Ravine Views From Your Treetop Aerie.",
    "bedAdult": "3",
    "bedChild": "2",
    "baths": "2",
    "parking": "3", "unitType": 0, "label": "650K", "latitude": 37.750638, "longitude": -122.446815
  },{
    "id": "p7",
    "mlsNumber": "C4818815",
    "address": "285 Blythwood Rd",
    "status": "Available",
    "propertyClass": "Freehold",
    "type": "Detached",
    "listPrice": "7,777,777",
    "daysOnMarket": "5",
    "listDate": "June 5, 2020",
    "lastStatus": "For Sale",
    "soldPrice": "3,050,000",
    "soldDate": "Feb 20, 2019",
    "area": "Toronto",
    "city": "Toronto",
    "country": "Canada",
    "district": "Mount Pleasant East",
    "images": [
      {
        "image": "https://cache02.housesigma.com/Live/photos/FULL/1/673/N4861673.jpg"
      },
      {
        "image": "https://cache04.housesigma.com/Live/photos/FULL/3/851/N4860851_3.jpg"
      },
      {
        "image": "https://cache04.housesigma.com/Live/photos/FULL/9/851/N4860851_9.jpg"
      }
    ],
    "description": "An Exemplary Custom Home Designed By Crang & Boake, Which Is As Current Today As When It Was Built In The Late 80S. Standing Majestically On The Hill, Reminiscent Of A Limestone French Grist Mill, W/ Private Vistas O/Looking The Lawrence Park Ravine. A Private, Self-Contained Home, W/ Heated Stone Double Drive, Direct Access From Double Garage, Open Concept Living, All W/ Unobstructed Ravine Views From Your Treetop Aerie.",
    "bedAdult": "4",
    "bedChild": "1",
    "baths": "4",
    "parking": "4", "unitType": 1, "label": "7 Units", "latitude": 37.750682, "longitude": -122.446200
  },
  {
    "id": "p8",
    "mlsNumber": "C4652890",
    "address": "447 Soudan Ave",
    "status": "Unavailable",
    "propertyClass": "Freehold",
    "type": "Detached",
    "listPrice": "888,888",
    "daysOnMarket": "5",
    "listDate": "June 5, 2020",
    "lastStatus": "Sold",
    "soldPrice": "950,000",
    "soldDate": "June 5, 2020",
    "area": "Toronto",
    "city": "Toronto",
    "country": "Canada",
    "district": "Mount Pleasant East",
    "images": [
      {
        "image": "https://cache02.housesigma.com/Live/photos/FULL/1/851/N4860851.jpg"
      },
      {
        "image": "https://cache03.housesigma.com/Live/photos/FULL/14/851/N4860851_14.jpg"
      },
      {
        "image": "https://cache04.housesigma.com/Live/photos/FULL/30/851/N4860851_30.jpg"
      }
    ],
    "description": "An Exemplary Custom Home Designed By Crang & Boake, Which Is As Current Today As When It Was Built In The Late 80S. Standing Majestically On The Hill, Reminiscent Of A Limestone French Grist Mill, W/ Private Vistas O/Looking The Lawrence Park Ravine. A Private, Self-Contained Home, W/ Heated Stone Double Drive, Direct Access From Double Garage, Open Concept Living, All W/ Unobstructed Ravine Views From Your Treetop Aerie.",
    "bedAdult": "7",
    "bedChild": "3",
    "baths": "1",
    "parking": "5", "unitType": 0, "label": "8.90M", "latitude": 37.750572, "longitude": -122.446033
  },
  {
    "id": "p9",
    "mlsNumber": "C4818815",
    "address": "14 Whitewood Rd",
    "status": "Available",
    "propertyClass": "Freehold",
    "type": "Detached",
    "listPrice": "9,999,999",
    "daysOnMarket": "5",
    "listDate": "June 5, 2020",
    "lastStatus": "Terminated",    
    "soldPrice": "3,050,000",
    "soldDate": "Feb 20, 2019",
    "area": "Toronto",
    "city": "Toronto",
    "country": "Canada",
    "district": "Mount Pleasant East",
    "images": [
      {
        "image": "https://cache02.housesigma.com/Live/photos/FULL/1/379/N4863379.jpg"
      },
      {
        "image": "https://cache04.housesigma.com/Live/photos/FULL/9/379/N4863379_9.jpg"
      },
      {
        "image": "https://cache01.housesigma.com/Live/photos/FULL/23/379/N4863379_23.jpg"
      }
    ],
    "description": "An Exemplary Custom Home Designed By Crang & Boake, Which Is As Current Today As When It Was Built In The Late 80S. Standing Majestically On The Hill, Reminiscent Of A Limestone French Grist Mill, W/ Private Vistas O/Looking The Lawrence Park Ravine. A Private, Self-Contained Home, W/ Heated Stone Double Drive, Direct Access From Double Garage, Open Concept Living, All W/ Unobstructed Ravine Views From Your Treetop Aerie.",
    "bedAdult": "3",
    "bedChild": "2",
    "baths": "2",
    "parking": "3", "unitType": 0, "label": "9.23M", "latitude": 37.750560, "longitude": -122.447275
  }
]